set,encounter,left_image,right_image
Barkham Horror,The Meddling of Meowlathotep,\Barkham Horror\The Meddling of Meowlathotep.png,\Barkham Horror\_set.png
Carnevale of Horrors,Carnevale of Horrors,\Carnevale of Horrors\Carnevale of Horrors.png,\Carnevale of Horrors\_set.png
Curse of the Rougarou,Curse of the Rougarou,\Curse of the Rougarou\Curse of the Rougarou.png,\Curse of the Rougarou\_set.png
Curse of the Rougarou,The Bayou,\Curse of the Rougarou\The Bayou.png,\Curse of the Rougarou\_set.png
Edge of the Earth,Agents of the Unknown,\Edge of the Earth\Agents of the Unknown.png,\Edge of the Earth\_set.png
Edge of the Earth,Creatures in the Ice,\Edge of the Earth\Creatures in the Ice.png,\Edge of the Earth\_set.png
Edge of the Earth,Deadly Weather,\Edge of the Earth\Deadly Weather.png,\Edge of the Earth\_set.png
Edge of the Earth,Elder Things,\Edge of the Earth\Elder Things.png,\Edge of the Earth\_set.png
Edge of the Earth,Expedition Team,\Edge of the Earth\Expedition Team.png,\Edge of the Earth\_set.png
Edge of the Earth,Hazards of Antarctica,\Edge of the Earth\Hazards of Antarctica.png,\Edge of the Earth\_set.png
Edge of the Earth,Left Behind,\Edge of the Earth\Left Behind.png,\Edge of the Earth\_set.png
Edge of the Earth,Memorials of the Lost,\Edge of the Earth\Memorials of the Lost.png,\Edge of the Earth\_set.png
Edge of the Earth,Miasma,\Edge of the Earth\Miasma.png,\Edge of the Earth\_set.png
Edge of the Earth,Nameless Horrors,\Edge of the Earth\Nameless Horrors.png,\Edge of the Earth\_set.png
Edge of the Earth,Penguins,\Edge of the Earth\Penguins.png,\Edge of the Earth\_set.png
Edge of the Earth,Shoggoths,\Edge of the Earth\Shoggoths.png,\Edge of the Earth\_set.png
Edge of the Earth,Silence and Mystery,\Edge of the Earth\Silence and Mystery.png,\Edge of the Earth\_set.png
Edge of the Earth,Tekeli-li,\Edge of the Earth\Tekeli-li.png,\Edge of the Earth\_set.png
Edge of the Earth,EOTE 1 - Ice and Death,\Edge of the Earth\Scenarios\EOTE 1 - Ice and Death.png,\Edge of the Earth\_set.png
Edge of the Earth,EOTE 1a - The Crash,\Edge of the Earth\Scenarios\EOTE 1a - The Crash.png,\Edge of the Earth\_set.png
Edge of the Earth,EOTE 1b - Lost in the Night,\Edge of the Earth\Scenarios\EOTE 1b - Lost in the Night.png,\Edge of the Earth\_set.png
Edge of the Earth,EOTE 1c - Seeping Nightmares,\Edge of the Earth\Scenarios\EOTE 1c - Seeping Nightmares.png,\Edge of the Earth\_set.png
Edge of the Earth,EOTE 2 - To the Forbidden Peaks,\Edge of the Earth\Scenarios\EOTE 2 - To the Forbidden Peaks.png,\Edge of the Earth\_set.png
Edge of the Earth,EOTE 3 - City of the Elder Things,\Edge of the Earth\Scenarios\EOTE 3 - City of the Elder Things.png,\Edge of the Earth\_set.png
Edge of the Earth,EOTE 4 - The Heart of Madness,\Edge of the Earth\Scenarios\EOTE 4 - The Heart of Madness.png,\Edge of the Earth\_set.png
Edge of the Earth,EOTE 4a - The Great Seal,\Edge of the Earth\Scenarios\EOTE 4a - The Great Seal.png,\Edge of the Earth\_set.png
Edge of the Earth,EOTE 4b - Stirring in the Deep,\Edge of the Earth\Scenarios\EOTE 4b - Stirring in the Deep.png,\Edge of the Earth\_set.png
Edge of the Earth,EOTE X - Fatal Mirage,\Edge of the Earth\Scenarios\EOTE X - Fatal Mirage.png,\Edge of the Earth\_set.png
Guardians of the Abyss,Abyssal Gifts,\Guardians of the Abyss\Abyssal Gifts.png,\Guardians of the Abyss\_set.png
Guardians of the Abyss,Abyssal Tribute,\Guardians of the Abyss\Abyssal Tribute.png,\Guardians of the Abyss\_set.png
Guardians of the Abyss,Brotherhood of the Beast,\Guardians of the Abyss\Brotherhood of the Beast.png,\Guardians of the Abyss\_set.png
Guardians of the Abyss,Sands of Egypt,\Guardians of the Abyss\Sands of Egypt.png,\Guardians of the Abyss\_set.png
Guardians of the Abyss,The Eternal Slumber,\Guardians of the Abyss\The Eternal Slumber.png,\Guardians of the Abyss\_set.png
Guardians of the Abyss,The Night's Usurper,\Guardians of the Abyss\The Night's Usurper.png,\Guardians of the Abyss\_set.png
Investigator Starter Decks,Harvey Walters,\Investigator Starter Decks\Harvey Walters.png,\Investigator Starter Decks\_set.png
Investigator Starter Decks,Jacqueline Fine,\Investigator Starter Decks\Jacqueline Fine.png,\Investigator Starter Decks\_set.png
Investigator Starter Decks,Nathaniel Cho,\Investigator Starter Decks\Nathaniel Cho.png,\Investigator Starter Decks\_set.png
Investigator Starter Decks,Stella Clark,\Investigator Starter Decks\Stella Clark.png,\Investigator Starter Decks\_set.png
Investigator Starter Decks,Winifred Habbamock,\Investigator Starter Decks\Winifred Habbamock.png,\Investigator Starter Decks\_set.png
Machinations Through Time,Epic Multiplayer,\Machinations Through Time\Epic Multiplayer.png,\Machinations Through Time\_set.png
Machinations Through Time,Machinations Through Time,\Machinations Through Time\Machinations Through Time.png,\Machinations Through Time\_set.png
Machinations Through Time,Single Group,\Machinations Through Time\Single Group.png,\Machinations Through Time\_set.png
Murder at the Excelsior Hotel,Alien Interference,\Murder at the Excelsior Hotel\Alien Interference.png,\Murder at the Excelsior Hotel\_set.png
Murder at the Excelsior Hotel,Dark Rituals,\Murder at the Excelsior Hotel\Dark Rituals.png,\Murder at the Excelsior Hotel\_set.png
Murder at the Excelsior Hotel,Excelsior Management,\Murder at the Excelsior Hotel\Excelsior Management.png,\Murder at the Excelsior Hotel\_set.png
Murder at the Excelsior Hotel,Murder at the Excelsior Hotel,\Murder at the Excelsior Hotel\Murder at the Excelsior Hotel.png,\Murder at the Excelsior Hotel\_set.png
Murder at the Excelsior Hotel,Sins of the Past,\Murder at the Excelsior Hotel\Sins of the Past.png,\Murder at the Excelsior Hotel\_set.png
Murder at the Excelsior Hotel,Vile Experiments,\Murder at the Excelsior Hotel\Vile Experiments.png,\Murder at the Excelsior Hotel\_set.png
Night of the Zealot,Agents of Cthulhu,\Night of the Zealot\Agents of Cthulhu.png,\Night of the Zealot\_set.png
Night of the Zealot,Agents of Hastur,\Night of the Zealot\Agents of Hastur.png,\Night of the Zealot\_set.png
Night of the Zealot,Agents of Shub-Niggurath,\Night of the Zealot\Agents of Shub-Niggurath.png,\Night of the Zealot\_set.png
Night of the Zealot,Agents of Yog-Sothoth,\Night of the Zealot\Agents of Yog-Sothoth.png,\Night of the Zealot\_set.png
Night of the Zealot,Ancient Evils,\Night of the Zealot\Ancient Evils.png,\Night of the Zealot\_set.png
Night of the Zealot,Chilling Cold,\Night of the Zealot\Chilling Cold.png,\Night of the Zealot\_set.png
Night of the Zealot,Cult of Umordhoth,\Night of the Zealot\Cult of Umordhoth.png,\Night of the Zealot\_set.png
Night of the Zealot,Dark Cult,\Night of the Zealot\Dark Cult.png,\Night of the Zealot\_set.png
Night of the Zealot,Ghouls,\Night of the Zealot\Ghouls.png,\Night of the Zealot\_set.png
Night of the Zealot,Locked Doors,\Night of the Zealot\Locked Doors.png,\Night of the Zealot\_set.png
Night of the Zealot,Nightgaunts,\Night of the Zealot\Nightgaunts.png,\Night of the Zealot\_set.png
Night of the Zealot,Rats,\Night of the Zealot\Rats.png,\Night of the Zealot\_set.png
Night of the Zealot,Striking Fear,\Night of the Zealot\Striking Fear.png,\Night of the Zealot\_set.png
Night of the Zealot,Blessed,\Night of the Zealot\Miscellaneous\Blessed.png,\Night of the Zealot\_set.png
Night of the Zealot,Cursed,\Night of the Zealot\Miscellaneous\Cursed.png,\Night of the Zealot\_set.png
Night of the Zealot,Damage,\Night of the Zealot\Miscellaneous\Damage.png,\Night of the Zealot\_set.png
Night of the Zealot,Horror,\Night of the Zealot\Miscellaneous\Horror.png,\Night of the Zealot\_set.png
Night of the Zealot,Investigator - Guardian,\Night of the Zealot\Miscellaneous\Investigator - Guardian.png,\Night of the Zealot\_set.png
Night of the Zealot,Investigator - Mystic,\Night of the Zealot\Miscellaneous\Investigator - Mystic.png,\Night of the Zealot\_set.png
Night of the Zealot,Investigator - Neutral,\Night of the Zealot\Miscellaneous\Investigator - Neutral.png,\Night of the Zealot\_set.png
Night of the Zealot,Investigator - Rogue,\Night of the Zealot\Miscellaneous\Investigator - Rogue.png,\Night of the Zealot\_set.png
Night of the Zealot,Investigator - Seeker,\Night of the Zealot\Miscellaneous\Investigator - Seeker.png,\Night of the Zealot\_set.png
Night of the Zealot,Investigator - Survivor,\Night of the Zealot\Miscellaneous\Investigator - Survivor.png,\Night of the Zealot\_set.png
Night of the Zealot,Investigators,\Night of the Zealot\Miscellaneous\Investigators.png,\Night of the Zealot\_set.png
Night of the Zealot,Skill - Agility,\Night of the Zealot\Miscellaneous\Skill - Agility.png,\Night of the Zealot\_set.png
Night of the Zealot,Skill - Combat,\Night of the Zealot\Miscellaneous\Skill - Combat.png,\Night of the Zealot\_set.png
Night of the Zealot,Skill - Intellect,\Night of the Zealot\Miscellaneous\Skill - Intellect.png,\Night of the Zealot\_set.png
Night of the Zealot,Skill - Wildcard,\Night of the Zealot\Miscellaneous\Skill - Wildcard.png,\Night of the Zealot\_set.png
Night of the Zealot,Skill - Willpower,\Night of the Zealot\Miscellaneous\Skill - Willpower.png,\Night of the Zealot\_set.png
Night of the Zealot,Slot - Accessory,\Night of the Zealot\Miscellaneous\Slot - Accessory.png,\Night of the Zealot\_set.png
Night of the Zealot,Slot - Ally,\Night of the Zealot\Miscellaneous\Slot - Ally.png,\Night of the Zealot\_set.png
Night of the Zealot,Slot - Arcane x1,\Night of the Zealot\Miscellaneous\Slot - Arcane x1.png,\Night of the Zealot\_set.png
Night of the Zealot,Slot - Arcane x2,\Night of the Zealot\Miscellaneous\Slot - Arcane x2.png,\Night of the Zealot\_set.png
Night of the Zealot,Slot - Body,\Night of the Zealot\Miscellaneous\Slot - Body.png,\Night of the Zealot\_set.png
Night of the Zealot,Slot - Hand x1,\Night of the Zealot\Miscellaneous\Slot - Hand x1.png,\Night of the Zealot\_set.png
Night of the Zealot,Slot - Hand x2,\Night of the Zealot\Miscellaneous\Slot - Hand x2.png,\Night of the Zealot\_set.png
Night of the Zealot,Treachery,\Night of the Zealot\Miscellaneous\Treachery.png,\Night of the Zealot\_set.png
Night of the Zealot,Triggered Ability - Action,\Night of the Zealot\Miscellaneous\Triggered Ability - Action.png,\Night of the Zealot\_set.png
Night of the Zealot,Triggered Ability - Free,\Night of the Zealot\Miscellaneous\Triggered Ability - Free.png,\Night of the Zealot\_set.png
Night of the Zealot,Triggered Ability - Reaction,\Night of the Zealot\Miscellaneous\Triggered Ability - Reaction.png,\Night of the Zealot\_set.png
Night of the Zealot,NotZ 1 - The Gathering,\Night of the Zealot\Scenarios (Night of the Zealot)\NotZ 1 - The Gathering.png,\Night of the Zealot\_set.png
Night of the Zealot,NotZ 2 - The Midnight Masks,\Night of the Zealot\Scenarios (Night of the Zealot)\NotZ 2 - The Midnight Masks.png,\Night of the Zealot\_set.png
Night of the Zealot,NotZ 3 - The Devourer Below,\Night of the Zealot\Scenarios (Night of the Zealot)\NotZ 3 - The Devourer Below.png,\Night of the Zealot\_set.png
Parallel Challenge Scenarios and Books,All or Nothing,\Parallel Challenge Scenarios and Books\All or Nothing.png,\Parallel Challenge Scenarios and Books\_set.png
Parallel Challenge Scenarios and Books,Bad Blood,\Parallel Challenge Scenarios and Books\Bad Blood.png,\Parallel Challenge Scenarios and Books\_set.png
Parallel Challenge Scenarios and Books,By the Book,\Parallel Challenge Scenarios and Books\By the Book.png,\Parallel Challenge Scenarios and Books\_set.png
Parallel Challenge Scenarios and Books,Read or Die,\Parallel Challenge Scenarios and Books\Read or Die.png,\Parallel Challenge Scenarios and Books\_set.png
Parallel Challenge Scenarios and Books,Red Tide Rising,\Parallel Challenge Scenarios and Books\Red Tide Rising.png,\Parallel Challenge Scenarios and Books\_set.png
Parallel Challenge Scenarios and Books,_Arkham Books - Out of the Void,\Parallel Challenge Scenarios and Books\_Arkham Books - Out of the Void.png,\Parallel Challenge Scenarios and Books\_set.png
Parallel Challenge Scenarios and Books,_Parallel,\Parallel Challenge Scenarios and Books\_Parallel.png,\Parallel Challenge Scenarios and Books\_set.png
Return to the Circle Undone,Bloodthirsty Spirits,\Return to the Circle Undone\Bloodthirsty Spirits.png,\Return to the Circle Undone\_set.png
Return to the Circle Undone,Chilling Mists,\Return to the Circle Undone\Chilling Mists.png,\Return to the Circle Undone\_set.png
Return to the Circle Undone,City of the Damned,\Return to the Circle Undone\City of the Damned.png,\Return to the Circle Undone\_set.png
Return to the Circle Undone,Hexcraft,\Return to the Circle Undone\Hexcraft.png,\Return to the Circle Undone\_set.png
Return to the Circle Undone,Impending Evils,\Return to the Circle Undone\Impending Evils.png,\Return to the Circle Undone\_set.png
Return to the Circle Undone,Unspeakable Fate,\Return to the Circle Undone\Unspeakable Fate.png,\Return to the Circle Undone\_set.png
Return to the Circle Undone,Unstable Realm,\Return to the Circle Undone\Unstable Realm.png,\Return to the Circle Undone\_set.png
Return to the Circle Undone,TCU R-0 - Disappearance at the Twilight Estate,\Return to the Circle Undone\Scenarios\TCU R-0 - Disappearance at the Twilight Estate.png,\Return to the Circle Undone\_set.png
Return to the Circle Undone,TCU R-1 - The Witching Hour,\Return to the Circle Undone\Scenarios\TCU R-1 - The Witching Hour.png,\Return to the Circle Undone\_set.png
Return to the Circle Undone,TCU R-2 - At Death's Doorstep,\Return to the Circle Undone\Scenarios\TCU R-2 - At Death's Doorstep.png,\Return to the Circle Undone\_set.png
Return to the Circle Undone,TCU R-3 - The Secret Name,\Return to the Circle Undone\Scenarios\TCU R-3 - The Secret Name.png,\Return to the Circle Undone\_set.png
Return to the Circle Undone,TCU R-4 - The Wages of Sin,\Return to the Circle Undone\Scenarios\TCU R-4 - The Wages of Sin.png,\Return to the Circle Undone\_set.png
Return to the Circle Undone,TCU R-5 - For the Greater Good,\Return to the Circle Undone\Scenarios\TCU R-5 - For the Greater Good.png,\Return to the Circle Undone\_set.png
Return to the Circle Undone,TCU R-6 - Union and Disillusion,\Return to the Circle Undone\Scenarios\TCU R-6 - Union and Disillusion.png,\Return to the Circle Undone\_set.png
Return to the Circle Undone,TCU R-7 - In the Clutches of Chaos,\Return to the Circle Undone\Scenarios\TCU R-7 - In the Clutches of Chaos.png,\Return to the Circle Undone\_set.png
Return to the Circle Undone,TCU R-8 - Before the Black Throne,\Return to the Circle Undone\Scenarios\TCU R-8 - Before the Black Throne.png,\Return to the Circle Undone\_set.png
Return to the Dunwich Legacy,Beyond the Threshold,\Return to the Dunwich Legacy\Beyond the Threshold.png,\Return to the Dunwich Legacy\_set.png
Return to the Dunwich Legacy,Creeping Cold,\Return to the Dunwich Legacy\Creeping Cold.png,\Return to the Dunwich Legacy\_set.png
Return to the Dunwich Legacy,Erratic Fear,\Return to the Dunwich Legacy\Erratic Fear.png,\Return to the Dunwich Legacy\_set.png
Return to the Dunwich Legacy,Resurgent Evils,\Return to the Dunwich Legacy\Resurgent Evils.png,\Return to the Dunwich Legacy\_set.png
Return to the Dunwich Legacy,Secret Doors,\Return to the Dunwich Legacy\Secret Doors.png,\Return to the Dunwich Legacy\_set.png
Return to the Dunwich Legacy,Yog-Sothoth's Emissaries,\Return to the Dunwich Legacy\Yog-Sothoth's Emissaries.png,\Return to the Dunwich Legacy\_set.png
Return to the Dunwich Legacy,TDL R-1A - Extracurricular Activity,\Return to the Dunwich Legacy\Scenarios\TDL R-1A - Extracurricular Activity.png,\Return to the Dunwich Legacy\_set.png
Return to the Dunwich Legacy,TDL R-1B - The House Always Wins,\Return to the Dunwich Legacy\Scenarios\TDL R-1B - The House Always Wins.png,\Return to the Dunwich Legacy\_set.png
Return to the Dunwich Legacy,TDL R-2 - The Miskatonic Museum,\Return to the Dunwich Legacy\Scenarios\TDL R-2 - The Miskatonic Museum.png,\Return to the Dunwich Legacy\_set.png
Return to the Dunwich Legacy,TDL R-3 - The Essex County Express,\Return to the Dunwich Legacy\Scenarios\TDL R-3 - The Essex County Express.png,\Return to the Dunwich Legacy\_set.png
Return to the Dunwich Legacy,TDL R-4 - Blood on the Altar,\Return to the Dunwich Legacy\Scenarios\TDL R-4 - Blood on the Altar.png,\Return to the Dunwich Legacy\_set.png
Return to the Dunwich Legacy,TDL R-5 - Undimensioned and Unseen,\Return to the Dunwich Legacy\Scenarios\TDL R-5 - Undimensioned and Unseen.png,\Return to the Dunwich Legacy\_set.png
Return to the Dunwich Legacy,TDL R-6 - Where Doom Awaits,\Return to the Dunwich Legacy\Scenarios\TDL R-6 - Where Doom Awaits.png,\Return to the Dunwich Legacy\_set.png
Return to the Dunwich Legacy,TDL R-7 - Lost in Time and Space,\Return to the Dunwich Legacy\Scenarios\TDL R-7 - Lost in Time and Space.png,\Return to the Dunwich Legacy\_set.png
Return to the Forgotten Age,Cult of Pnakotus,\Return to the Forgotten Age\Cult of Pnakotus.png,\Return to the Forgotten Age\_set.png
Return to the Forgotten Age,Doomed Expedition,\Return to the Forgotten Age\Doomed Expedition.png,\Return to the Forgotten Age\_set.png
Return to the Forgotten Age,Return to the Rainforest,\Return to the Forgotten Age\Return to the Rainforest.png,\Return to the Forgotten Age\_set.png
Return to the Forgotten Age,Temporal Hunters,\Return to the Forgotten Age\Temporal Hunters.png,\Return to the Forgotten Age\_set.png
Return to the Forgotten Age,Venomous Hate,\Return to the Forgotten Age\Venomous Hate.png,\Return to the Forgotten Age\_set.png
Return to the Forgotten Age,TFA R-1 - The Untamed Wilds,\Return to the Forgotten Age\Scenarios\TFA R-1 - The Untamed Wilds.png,\Return to the Forgotten Age\_set.png
Return to the Forgotten Age,TFA R-2 - The Doom of Eztli,\Return to the Forgotten Age\Scenarios\TFA R-2 - The Doom of Eztli.png,\Return to the Forgotten Age\_set.png
Return to the Forgotten Age,TFA R-3 - Threads of Fate,\Return to the Forgotten Age\Scenarios\TFA R-3 - Threads of Fate.png,\Return to the Forgotten Age\_set.png
Return to the Forgotten Age,TFA R-4 - The Boundary Beyond,\Return to the Forgotten Age\Scenarios\TFA R-4 - The Boundary Beyond.png,\Return to the Forgotten Age\_set.png
Return to the Forgotten Age,TFA R-5 - Heart of the Elders,\Return to the Forgotten Age\Scenarios\TFA R-5 - Heart of the Elders.png,\Return to the Forgotten Age\_set.png
Return to the Forgotten Age,TFA R-5A - Pillars of Judgment,\Return to the Forgotten Age\Scenarios\TFA R-5A - Pillars of Judgment.png,\Return to the Forgotten Age\_set.png
Return to the Forgotten Age,TFA R-5B - K'n-yan,\Return to the Forgotten Age\Scenarios\TFA R-5B - K'n-yan.png,\Return to the Forgotten Age\_set.png
Return to the Forgotten Age,TFA R-6 - The City of Archives,\Return to the Forgotten Age\Scenarios\TFA R-6 - The City of Archives.png,\Return to the Forgotten Age\_set.png
Return to the Forgotten Age,TFA R-7 - The Depths of Yoth,\Return to the Forgotten Age\Scenarios\TFA R-7 - The Depths of Yoth.png,\Return to the Forgotten Age\_set.png
Return to the Forgotten Age,TFA R-8 - Shattered Aeons,\Return to the Forgotten Age\Scenarios\TFA R-8 - Shattered Aeons.png,\Return to the Forgotten Age\_set.png
Return to the Forgotten Age,TFA R-8B - Turn Back Time,\Return to the Forgotten Age\Scenarios\TFA R-8B - Turn Back Time.png,\Return to the Forgotten Age\_set.png
Return to the Night of the Zealot,Ghouls of Umordhoth,\Return to the Night of the Zealot\Ghouls of Umordhoth.png,\Return to the Night of the Zealot\_set.png
Return to the Night of the Zealot,Return Cult of Umordhoth,\Return to the Night of the Zealot\Return Cult of Umordhoth.png,\Return to the Night of the Zealot\_set.png
Return to the Night of the Zealot,The Devourer's Cult,\Return to the Night of the Zealot\The Devourer's Cult.png,\Return to the Night of the Zealot\_set.png
Return to the Night of the Zealot,NotZ R-1 - The Gathering,\Return to the Night of the Zealot\Scenarios\NotZ R-1 - The Gathering.png,\Return to the Night of the Zealot\_set.png
Return to the Night of the Zealot,NotZ R-2 - The Midnight Masks,\Return to the Night of the Zealot\Scenarios\NotZ R-2 - The Midnight Masks.png,\Return to the Night of the Zealot\_set.png
Return to the Night of the Zealot,NotZ R-3 - The Devourer Below,\Return to the Night of the Zealot\Scenarios\NotZ R-3 - The Devourer Below.png,\Return to the Night of the Zealot\_set.png
Return to the Path to Carcosa,Decaying Reality,\Return to the Path to Carcosa\Decaying Reality.png,\Return to the Path to Carcosa\_set.png
Return to the Path to Carcosa,Delusory Evils,\Return to the Path to Carcosa\Delusory Evils.png,\Return to the Path to Carcosa\_set.png
Return to the Path to Carcosa,Hastur's Envoys,\Return to the Path to Carcosa\Hastur's Envoys.png,\Return to the Path to Carcosa\_set.png
Return to the Path to Carcosa,Maddening Delusions,\Return to the Path to Carcosa\Maddening Delusions.png,\Return to the Path to Carcosa\_set.png
Return to the Path to Carcosa,Neurotic Fear,\Return to the Path to Carcosa\Neurotic Fear.png,\Return to the Path to Carcosa\_set.png
Return to the Path to Carcosa,TPtC R-1 - Curtain Call,\Return to the Path to Carcosa\Scenarios\TPtC R-1 - Curtain Call.png,\Return to the Path to Carcosa\_set.png
Return to the Path to Carcosa,TPtC R-2 - The Last King,\Return to the Path to Carcosa\Scenarios\TPtC R-2 - The Last King.png,\Return to the Path to Carcosa\_set.png
Return to the Path to Carcosa,TPtC R-3 - Echoes of the Past,\Return to the Path to Carcosa\Scenarios\TPtC R-3 - Echoes of the Past.png,\Return to the Path to Carcosa\_set.png
Return to the Path to Carcosa,TPtC R-4 - The Unspeakable Oath,\Return to the Path to Carcosa\Scenarios\TPtC R-4 - The Unspeakable Oath.png,\Return to the Path to Carcosa\_set.png
Return to the Path to Carcosa,TPtC R-5 - A Phantom of Truth,\Return to the Path to Carcosa\Scenarios\TPtC R-5 - A Phantom of Truth.png,\Return to the Path to Carcosa\_set.png
Return to the Path to Carcosa,TPtC R-6 - The Pallid Mask,\Return to the Path to Carcosa\Scenarios\TPtC R-6 - The Pallid Mask.png,\Return to the Path to Carcosa\_set.png
Return to the Path to Carcosa,TPtC R-7 - Black Stars Rise,\Return to the Path to Carcosa\Scenarios\TPtC R-7 - Black Stars Rise.png,\Return to the Path to Carcosa\_set.png
Return to the Path to Carcosa,TPtC R-8 - Dim Carcosa,\Return to the Path to Carcosa\Scenarios\TPtC R-8 - Dim Carcosa.png,\Return to the Path to Carcosa\_set.png
The Blob That Ate Everything,Epic Multiplayer,\The Blob That Ate Everything\Epic Multiplayer.png,\The Blob That Ate Everything\_set.png
The Blob That Ate Everything,Mi-Go Incursion,\The Blob That Ate Everything\Mi-Go Incursion.png,\The Blob That Ate Everything\_set.png
The Blob That Ate Everything,Single Group,\The Blob That Ate Everything\Single Group.png,\The Blob That Ate Everything\_set.png
The Blob That Ate Everything,The Blob That Ate Everything,\The Blob That Ate Everything\The Blob That Ate Everything.png,\The Blob That Ate Everything\_set.png
The Circle Undone,Agents of Azathoth,\The Circle Undone\Agents of Azathoth.png,\The Circle Undone\_set.png
The Circle Undone,Anette's Coven,\The Circle Undone\Anette's Coven.png,\The Circle Undone\_set.png
The Circle Undone,City of Sins,\The Circle Undone\City of Sins.png,\The Circle Undone\_set.png
The Circle Undone,Inexorable Fate,\The Circle Undone\Inexorable Fate.png,\The Circle Undone\_set.png
The Circle Undone,Realm of Death,\The Circle Undone\Realm of Death.png,\The Circle Undone\_set.png
The Circle Undone,Silver Twilight Lodge,\The Circle Undone\Silver Twilight Lodge.png,\The Circle Undone\_set.png
The Circle Undone,Spectral Predators,\The Circle Undone\Spectral Predators.png,\The Circle Undone\_set.png
The Circle Undone,The Watcher,\The Circle Undone\The Watcher.png,\The Circle Undone\_set.png
The Circle Undone,Trapped Spirits,\The Circle Undone\Trapped Spirits.png,\The Circle Undone\_set.png
The Circle Undone,Witchcraft,\The Circle Undone\Witchcraft.png,\The Circle Undone\_set.png
The Circle Undone,TCU 0 - Disappearance at the Twilight Estate,\The Circle Undone\Scenarios\TCU 0 - Disappearance at the Twilight Estate.png,\The Circle Undone\_set.png
The Circle Undone,TCU 1 - The Witching Hour,\The Circle Undone\Scenarios\TCU 1 - The Witching Hour.png,\The Circle Undone\_set.png
The Circle Undone,TCU 2 - At Death's Doorstep,\The Circle Undone\Scenarios\TCU 2 - At Death's Doorstep.png,\The Circle Undone\_set.png
The Circle Undone,TCU 3 - The Secret Name,\The Circle Undone\Scenarios\TCU 3 - The Secret Name.png,\The Circle Undone\_set.png
The Circle Undone,TCU 4 - The Wages of Sin,\The Circle Undone\Scenarios\TCU 4 - The Wages of Sin.png,\The Circle Undone\_set.png
The Circle Undone,TCU 5 - For the Greater Good,\The Circle Undone\Scenarios\TCU 5 - For the Greater Good.png,\The Circle Undone\_set.png
The Circle Undone,TCU 6 - Union and Disillusion,\The Circle Undone\Scenarios\TCU 6 - Union and Disillusion.png,\The Circle Undone\_set.png
The Circle Undone,TCU 7 - In the Clutches of Chaos,\The Circle Undone\Scenarios\TCU 7 - In the Clutches of Chaos.png,\The Circle Undone\_set.png
The Circle Undone,TCU 7A - Music of the Damned,\The Circle Undone\Scenarios\TCU 7A - Music of the Damned.png,\The Circle Undone\_set.png
The Circle Undone,TCU 7B - Secrets of the Universe,\The Circle Undone\Scenarios\TCU 7B - Secrets of the Universe.png,\The Circle Undone\_set.png
The Circle Undone,TCU 8 - Before the Black Throne,\The Circle Undone\Scenarios\TCU 8 - Before the Black Throne.png,\The Circle Undone\_set.png
The Dream-Eaters,Agents of Atlach-Nacha,\The Dream-Eaters\Agents of Atlach-Nacha.png,\The Dream-Eaters\_set.png
The Dream-Eaters,Agents of Nyarlathotep,\The Dream-Eaters\Agents of Nyarlathotep.png,\The Dream-Eaters\_set.png
The Dream-Eaters,Corsairs,\The Dream-Eaters\Corsairs.png,\The Dream-Eaters\_set.png
The Dream-Eaters,Creatures of the Underworld,\The Dream-Eaters\Creatures of the Underworld.png,\The Dream-Eaters\_set.png
The Dream-Eaters,Dreamer's Curse,\The Dream-Eaters\Dreamer's Curse.png,\The Dream-Eaters\_set.png
The Dream-Eaters,Dreamlands,\The Dream-Eaters\Dreamlands.png,\The Dream-Eaters\_set.png
The Dream-Eaters,Merging Realities,\The Dream-Eaters\Merging Realities.png,\The Dream-Eaters\_set.png
The Dream-Eaters,Spiders,\The Dream-Eaters\Spiders.png,\The Dream-Eaters\_set.png
The Dream-Eaters,Whispers of Hypnos,\The Dream-Eaters\Whispers of Hypnos.png,\The Dream-Eaters\_set.png
The Dream-Eaters,Zoogs,\The Dream-Eaters\Zoogs.png,\The Dream-Eaters\_set.png
The Dream-Eaters,TDE 1A - Beyond the Gates of Sleep,\The Dream-Eaters\Scenarios\TDE 1A - Beyond the Gates of Sleep.png,\The Dream-Eaters\_set.png
The Dream-Eaters,TDE 1B - Waking Nightmare,\The Dream-Eaters\Scenarios\TDE 1B - Waking Nightmare.png,\The Dream-Eaters\_set.png
The Dream-Eaters,TDE 2A - The Search for Kadath,\The Dream-Eaters\Scenarios\TDE 2A - The Search for Kadath.png,\The Dream-Eaters\_set.png
The Dream-Eaters,TDE 2B - A Thousand Shapes of Horror,\The Dream-Eaters\Scenarios\TDE 2B - A Thousand Shapes of Horror.png,\The Dream-Eaters\_set.png
The Dream-Eaters,TDE 3A - Dark Side of the Moon,\The Dream-Eaters\Scenarios\TDE 3A - Dark Side of the Moon.png,\The Dream-Eaters\_set.png
The Dream-Eaters,TDE 3B - Point of No Return,\The Dream-Eaters\Scenarios\TDE 3B - Point of No Return.png,\The Dream-Eaters\_set.png
The Dream-Eaters,TDE 3Ba - Terror of the Vale,\The Dream-Eaters\Scenarios\TDE 3Ba - Terror of the Vale.png,\The Dream-Eaters\_set.png
The Dream-Eaters,TDE 3Bb - Descent into the Pitch,\The Dream-Eaters\Scenarios\TDE 3Bb - Descent into the Pitch.png,\The Dream-Eaters\_set.png
The Dream-Eaters,TDE 4A - Where the Gods Dwell,\The Dream-Eaters\Scenarios\TDE 4A - Where the Gods Dwell.png,\The Dream-Eaters\_set.png
The Dream-Eaters,TDE 4B - Weaver of the Cosmos,\The Dream-Eaters\Scenarios\TDE 4B - Weaver of the Cosmos.png,\The Dream-Eaters\_set.png
The Dunwich Legacy,Armitage's Fate,\The Dunwich Legacy\Armitage's Fate.png,\The Dunwich Legacy\_set.png
The Dunwich Legacy,Bad Luck,\The Dunwich Legacy\Bad Luck.png,\The Dunwich Legacy\_set.png
The Dunwich Legacy,Beast-thralls,\The Dunwich Legacy\Beast-thralls.png,\The Dunwich Legacy\_set.png
The Dunwich Legacy,Bishop's Thralls,\The Dunwich Legacy\Bishop's Thralls.png,\The Dunwich Legacy\_set.png
The Dunwich Legacy,Dunwich,\The Dunwich Legacy\Dunwich.png,\The Dunwich Legacy\_set.png
The Dunwich Legacy,Hideous Abominations,\The Dunwich Legacy\Hideous Abominations.png,\The Dunwich Legacy\_set.png
The Dunwich Legacy,Naomi's Crew,\The Dunwich Legacy\Naomi's Crew.png,\The Dunwich Legacy\_set.png
The Dunwich Legacy,Sorcery,\The Dunwich Legacy\Sorcery.png,\The Dunwich Legacy\_set.png
The Dunwich Legacy,The Beyond,\The Dunwich Legacy\The Beyond.png,\The Dunwich Legacy\_set.png
The Dunwich Legacy,Whippoorwills,\The Dunwich Legacy\Whippoorwills.png,\The Dunwich Legacy\_set.png
The Dunwich Legacy,TDL 1A - Extracurricular Activity,\The Dunwich Legacy\Scenarios\TDL 1A - Extracurricular Activity.png,\The Dunwich Legacy\_set.png
The Dunwich Legacy,TDL 1B - The House Always Wins,\The Dunwich Legacy\Scenarios\TDL 1B - The House Always Wins.png,\The Dunwich Legacy\_set.png
The Dunwich Legacy,TDL 2 - The Miskatonic Museum,\The Dunwich Legacy\Scenarios\TDL 2 - The Miskatonic Museum.png,\The Dunwich Legacy\_set.png
The Dunwich Legacy,TDL 3 - The Essex County Express,\The Dunwich Legacy\Scenarios\TDL 3 - The Essex County Express.png,\The Dunwich Legacy\_set.png
The Dunwich Legacy,TDL 4 - Blood on the Altar,\The Dunwich Legacy\Scenarios\TDL 4 - Blood on the Altar.png,\The Dunwich Legacy\_set.png
The Dunwich Legacy,TDL 5 - Undimensioned and Unseen,\The Dunwich Legacy\Scenarios\TDL 5 - Undimensioned and Unseen.png,\The Dunwich Legacy\_set.png
The Dunwich Legacy,TDL 6 - Where Doom Awaits,\The Dunwich Legacy\Scenarios\TDL 6 - Where Doom Awaits.png,\The Dunwich Legacy\_set.png
The Dunwich Legacy,TDL 7 - Lost in Time and Space,\The Dunwich Legacy\Scenarios\TDL 7 - Lost in Time and Space.png,\The Dunwich Legacy\_set.png
The Forgotten Age,Agents of Yig,\The Forgotten Age\Agents of Yig.png,\The Forgotten Age\_set.png
The Forgotten Age,Deadly Traps,\The Forgotten Age\Deadly Traps.png,\The Forgotten Age\_set.png
The Forgotten Age,Expedition,\The Forgotten Age\Expedition.png,\The Forgotten Age\_set.png
The Forgotten Age,Forgotten Ruins,\The Forgotten Age\Forgotten Ruins.png,\The Forgotten Age\_set.png
The Forgotten Age,Guardians of Time,\The Forgotten Age\Guardians of Time.png,\The Forgotten Age\_set.png
The Forgotten Age,Pnakotic Brotherhood,\The Forgotten Age\Pnakotic Brotherhood.png,\The Forgotten Age\_set.png
The Forgotten Age,Poison,\The Forgotten Age\Poison.png,\The Forgotten Age\_set.png
The Forgotten Age,Rainforest,\The Forgotten Age\Rainforest.png,\The Forgotten Age\_set.png
The Forgotten Age,Serpents,\The Forgotten Age\Serpents.png,\The Forgotten Age\_set.png
The Forgotten Age,Temporal Flux,\The Forgotten Age\Temporal Flux.png,\The Forgotten Age\_set.png
The Forgotten Age,Yig's Venom,\The Forgotten Age\Yig's Venom.png,\The Forgotten Age\_set.png
The Forgotten Age,TFA 1 - The Untamed Wilds,\The Forgotten Age\Scenarios\TFA 1 - The Untamed Wilds.png,\The Forgotten Age\_set.png
The Forgotten Age,TFA 2 - The Doom of Eztli,\The Forgotten Age\Scenarios\TFA 2 - The Doom of Eztli.png,\The Forgotten Age\_set.png
The Forgotten Age,TFA 3 - Threads of Fate,\The Forgotten Age\Scenarios\TFA 3 - Threads of Fate.png,\The Forgotten Age\_set.png
The Forgotten Age,TFA 4 - The Boundary Beyond,\The Forgotten Age\Scenarios\TFA 4 - The Boundary Beyond.png,\The Forgotten Age\_set.png
The Forgotten Age,TFA 5 - Heart of the Elders,\The Forgotten Age\Scenarios\TFA 5 - Heart of the Elders.png,\The Forgotten Age\_set.png
The Forgotten Age,TFA 5A - Pillars of Judgment,\The Forgotten Age\Scenarios\TFA 5A - Pillars of Judgment.png,\The Forgotten Age\_set.png
The Forgotten Age,TFA 5B - K'n-yan,\The Forgotten Age\Scenarios\TFA 5B - K'n-yan.png,\The Forgotten Age\_set.png
The Forgotten Age,TFA 6 - The City of Archives,\The Forgotten Age\Scenarios\TFA 6 - The City of Archives.png,\The Forgotten Age\_set.png
The Forgotten Age,TFA 7 - The Depths of Yoth,\The Forgotten Age\Scenarios\TFA 7 - The Depths of Yoth.png,\The Forgotten Age\_set.png
The Forgotten Age,TFA 8 - Shattered Aeons,\The Forgotten Age\Scenarios\TFA 8 - Shattered Aeons.png,\The Forgotten Age\_set.png
The Forgotten Age,TFA 8B - Turn Back Time,\The Forgotten Age\Scenarios\TFA 8B - Turn Back Time.png,\The Forgotten Age\_set.png
The Innsmouth Conspiracy,Agents of Dagon,\The Innsmouth Conspiracy\Agents of Dagon.png,\The Innsmouth Conspiracy\_set.png
The Innsmouth Conspiracy,Agents of Hydra,\The Innsmouth Conspiracy\Agents of Hydra.png,\The Innsmouth Conspiracy\_set.png
The Innsmouth Conspiracy,Creatures of the Deep,\The Innsmouth Conspiracy\Creatures of the Deep.png,\The Innsmouth Conspiracy\_set.png
The Innsmouth Conspiracy,Flooded Caverns,\The Innsmouth Conspiracy\Flooded Caverns.png,\The Innsmouth Conspiracy\_set.png
The Innsmouth Conspiracy,Fog Over Innsmouth,\The Innsmouth Conspiracy\Fog Over Innsmouth.png,\The Innsmouth Conspiracy\_set.png
The Innsmouth Conspiracy,Malfunction,\The Innsmouth Conspiracy\Malfunction.png,\The Innsmouth Conspiracy\_set.png
The Innsmouth Conspiracy,Rising Tide,\The Innsmouth Conspiracy\Rising Tide.png,\The Innsmouth Conspiracy\_set.png
The Innsmouth Conspiracy,Shattered Memories,\The Innsmouth Conspiracy\Shattered Memories.png,\The Innsmouth Conspiracy\_set.png
The Innsmouth Conspiracy,Syzygy,\The Innsmouth Conspiracy\Syzygy.png,\The Innsmouth Conspiracy\_set.png
The Innsmouth Conspiracy,The Locals,\The Innsmouth Conspiracy\The Locals.png,\The Innsmouth Conspiracy\_set.png
The Innsmouth Conspiracy,TIC 1 - The Pit of Despair,\The Innsmouth Conspiracy\Scenarios\TIC 1 - The Pit of Despair.png,\The Innsmouth Conspiracy\_set.png
The Innsmouth Conspiracy,TIC 2 - The Vanishing of Elina Harper,\The Innsmouth Conspiracy\Scenarios\TIC 2 - The Vanishing of Elina Harper.png,\The Innsmouth Conspiracy\_set.png
The Innsmouth Conspiracy,TIC 3 - In Too Deep,\The Innsmouth Conspiracy\Scenarios\TIC 3 - In Too Deep.png,\The Innsmouth Conspiracy\_set.png
The Innsmouth Conspiracy,TIC 4 - Devil Reef,\The Innsmouth Conspiracy\Scenarios\TIC 4 - Devil Reef.png,\The Innsmouth Conspiracy\_set.png
The Innsmouth Conspiracy,TIC 5 - Horror in High Gear,\The Innsmouth Conspiracy\Scenarios\TIC 5 - Horror in High Gear.png,\The Innsmouth Conspiracy\_set.png
The Innsmouth Conspiracy,TIC 6 - A Light in the Fog,\The Innsmouth Conspiracy\Scenarios\TIC 6 - A Light in the Fog.png,\The Innsmouth Conspiracy\_set.png
The Innsmouth Conspiracy,TIC 7 - The Lair of Dagon,\The Innsmouth Conspiracy\Scenarios\TIC 7 - The Lair of Dagon.png,\The Innsmouth Conspiracy\_set.png
The Innsmouth Conspiracy,TIC 8 - Into the Maelstrom,\The Innsmouth Conspiracy\Scenarios\TIC 8 - Into the Maelstrom.png,\The Innsmouth Conspiracy\_set.png
The Labyrinths of Lunacy,Epic Multiplayer,\The Labyrinths of Lunacy\Epic Multiplayer.png,\The Labyrinths of Lunacy\_set.png
The Labyrinths of Lunacy,Single Group,\The Labyrinths of Lunacy\Single Group.png,\The Labyrinths of Lunacy\_set.png
The Labyrinths of Lunacy,The Labyrinths of Lunacy,\The Labyrinths of Lunacy\The Labyrinths of Lunacy.png,\The Labyrinths of Lunacy\_set.png
The Path to Carcosa,Byakhee,\The Path to Carcosa\Byakhee.png,\The Path to Carcosa\_set.png
The Path to Carcosa,Cult of the Yellow Sign,\The Path to Carcosa\Cult of the Yellow Sign.png,\The Path to Carcosa\_set.png
The Path to Carcosa,Decay & Filth,\The Path to Carcosa\Decay & Filth.png,\The Path to Carcosa\_set.png
The Path to Carcosa,Delusions,\The Path to Carcosa\Delusions.png,\The Path to Carcosa\_set.png
The Path to Carcosa,Evil Portents,\The Path to Carcosa\Evil Portents.png,\The Path to Carcosa\_set.png
The Path to Carcosa,Hastur's Gift,\The Path to Carcosa\Hastur's Gift.png,\The Path to Carcosa\_set.png
The Path to Carcosa,Hauntings,\The Path to Carcosa\Hauntings.png,\The Path to Carcosa\_set.png
The Path to Carcosa,Inhabitants of Carcosa,\The Path to Carcosa\Inhabitants of Carcosa.png,\The Path to Carcosa\_set.png
The Path to Carcosa,The Stranger,\The Path to Carcosa\The Stranger.png,\The Path to Carcosa\_set.png
The Path to Carcosa,TPtC 1 - Curtain Call,\The Path to Carcosa\Scenarios\TPtC 1 - Curtain Call.png,\The Path to Carcosa\_set.png
The Path to Carcosa,TPtC 2 - The Last King,\The Path to Carcosa\Scenarios\TPtC 2 - The Last King.png,\The Path to Carcosa\_set.png
The Path to Carcosa,TPtC 3 - Echoes of the Past,\The Path to Carcosa\Scenarios\TPtC 3 - Echoes of the Past.png,\The Path to Carcosa\_set.png
The Path to Carcosa,TPtC 4 - The Unspeakable Oath,\The Path to Carcosa\Scenarios\TPtC 4 - The Unspeakable Oath.png,\The Path to Carcosa\_set.png
The Path to Carcosa,TPtC 5 - A Phantom of Truth,\The Path to Carcosa\Scenarios\TPtC 5 - A Phantom of Truth.png,\The Path to Carcosa\_set.png
The Path to Carcosa,TPtC 6 - The Pallid Mask,\The Path to Carcosa\Scenarios\TPtC 6 - The Pallid Mask.png,\The Path to Carcosa\_set.png
The Path to Carcosa,TPtC 7 - Black Stars Rise,\The Path to Carcosa\Scenarios\TPtC 7 - Black Stars Rise.png,\The Path to Carcosa\_set.png
The Path to Carcosa,TPtC 7A - The Vortex Above,\The Path to Carcosa\Scenarios\TPtC 7A - The Vortex Above.png,\The Path to Carcosa\_set.png
The Path to Carcosa,TPtC 7B - The Flood Below,\The Path to Carcosa\Scenarios\TPtC 7B - The Flood Below.png,\The Path to Carcosa\_set.png
The Path to Carcosa,TPtC 8 - Dim Carcosa,\The Path to Carcosa\Scenarios\TPtC 8 - Dim Carcosa.png,\The Path to Carcosa\_set.png
The Scarlet Keys,Agents of the Outside,\The Scarlet Keys\Agents of the Outside.png,\The Scarlet Keys\_set.png
The Scarlet Keys,Agents of Yuggoth,\The Scarlet Keys\Agents of Yuggoth.png,\The Scarlet Keys\_set.png
The Scarlet Keys,Beyond the Beyond,\The Scarlet Keys\Beyond the Beyond.png,\The Scarlet Keys\_set.png
The Scarlet Keys,Cleanup Crew,\The Scarlet Keys\Cleanup Crew.png,\The Scarlet Keys\_set.png
The Scarlet Keys,Crimson Conspiracy,\The Scarlet Keys\Crimson Conspiracy.png,\The Scarlet Keys\_set.png
The Scarlet Keys,Dark Veiling,\The Scarlet Keys\Dark Veiling.png,\The Scarlet Keys\_set.png
The Scarlet Keys,Globetrotting,\The Scarlet Keys\Globetrotting.png,\The Scarlet Keys\_set.png
The Scarlet Keys,Mysteries Abound,\The Scarlet Keys\Mysteries Abound.png,\The Scarlet Keys\_set.png
The Scarlet Keys,Outsiders,\The Scarlet Keys\Outsiders.png,\The Scarlet Keys\_set.png
The Scarlet Keys,Scarlet Sorcery,\The Scarlet Keys\Scarlet Sorcery.png,\The Scarlet Keys\_set.png
The Scarlet Keys,Secret War,\The Scarlet Keys\Secret War.png,\The Scarlet Keys\_set.png
The Scarlet Keys,Shadow of a Doubt,\The Scarlet Keys\Shadow of a Doubt.png,\The Scarlet Keys\_set.png
The Scarlet Keys,Spatial Anomaly,\The Scarlet Keys\Spatial Anomaly.png,\The Scarlet Keys\_set.png
The Scarlet Keys,Spreading Corruption,\The Scarlet Keys\Spreading Corruption.png,\The Scarlet Keys\_set.png
The Scarlet Keys,Strange Happenings,\The Scarlet Keys\Strange Happenings.png,\The Scarlet Keys\_set.png
The Scarlet Keys,TSK - Dancing Mad,\The Scarlet Keys\Scenarios\TSK - Dancing Mad.png,\The Scarlet Keys\_set.png
The Scarlet Keys,TSK - Dead Heat,\The Scarlet Keys\Scenarios\TSK - Dead Heat.png,\The Scarlet Keys\_set.png
The Scarlet Keys,TSK - Dealings in the Dark,\The Scarlet Keys\Scenarios\TSK - Dealings in the Dark.png,\The Scarlet Keys\_set.png
The Scarlet Keys,TSK - Dogs of War,\The Scarlet Keys\Scenarios\TSK - Dogs of War.png,\The Scarlet Keys\_set.png
The Scarlet Keys,TSK - On Thin Ice,\The Scarlet Keys\Scenarios\TSK - On Thin Ice.png,\The Scarlet Keys\_set.png
The Scarlet Keys,TSK - Sanguine Shadows,\The Scarlet Keys\Scenarios\TSK - Sanguine Shadows.png,\The Scarlet Keys\_set.png
The Scarlet Keys,TSK - Shades of Suffering,\The Scarlet Keys\Scenarios\TSK - Shades of Suffering.png,\The Scarlet Keys\_set.png
The Scarlet Keys,TSK - Without a Trace,\The Scarlet Keys\Scenarios\TSK - Without a Trace.png,\The Scarlet Keys\_set.png
The Scarlet Keys,TSK 1 (Prologue) - Riddles and Rain,\The Scarlet Keys\Scenarios\TSK 1 (Prologue) - Riddles and Rain.png,\The Scarlet Keys\_set.png
The Scarlet Keys,TSK 10a (Finale) - Congress of the Keys,\The Scarlet Keys\Scenarios\TSK 10a (Finale) - Congress of the Keys.png,\The Scarlet Keys\_set.png
The Scarlet Keys,TSK 10a (Finale) - Red Coterie,\The Scarlet Keys\Scenarios\TSK 10a (Finale) - Red Coterie.png,\The Scarlet Keys\_set.png
War of the Outer Gods,Children of Paradise,\War of the Outer Gods\Children of Paradise.png,\War of the Outer Gods\_set.png
War of the Outer Gods,Death of Stars,\War of the Outer Gods\Death of Stars.png,\War of the Outer Gods\_set.png
War of the Outer Gods,Swarm of Assimilation,\War of the Outer Gods\Swarm of Assimilation.png,\War of the Outer Gods\_set.png
War of the Outer Gods,War of the Outer Gods,\War of the Outer Gods\War of the Outer Gods.png,\War of the Outer Gods\_set.png
